Category,Law / Section,Year,Purpose,Reference
Constitutional Rights,Constitution of India Article 14,1950,Equality before law and equal protection.,https://indiacode.nic.in
Constitutional Rights,Constitution of India Article 15,1950,Prohibits discrimination including sex.,https://indiacode.nic.in
Constitutional Rights,Constitution of India Article 21,1950,Right to life and dignity.,https://indiacode.nic.in
Constitutional Rights,Constitution of India Article 23,1950,Prohibits human trafficking.,https://indiacode.nic.in
Constitutional Rights,Constitution of India Article 39(d),1950,Equal pay for equal work.,https://indiacode.nic.in
Constitutional Rights,Constitution of India Article 42,1950,Humane working conditions and maternity relief.,https://indiacode.nic.in
Women Safety,Protection of Women from Domestic Violence Act,2005,Protects women from domestic abuse.,https://indiacode.nic.in
Women Safety,Dowry Prohibition Act,1961,Prohibits dowry demand.,https://indiacode.nic.in
Women Safety,Sexual Harassment of Women at Workplace Act,2013,Prevents sexual harassment at workplace.,https://indiacode.nic.in
Women Safety,Maternity Benefit Act,1961,Provides maternity leave benefits.,https://indiacode.nic.in
Women Safety,Indecent Representation of Women Act,1986,Prohibits indecent depiction of women.,https://indiacode.nic.in
Women Safety,National Commission for Women Act,1990,Establishes NCW.,https://indiacode.nic.in
Women Safety,Pre-Conception and Pre-Natal Diagnostic Techniques Act,1994,Prevents gender selection.,https://indiacode.nic.in
Women Safety,Muslim Women Protection of Rights on Marriage Act,2019,Criminalizes triple talaq.,https://indiacode.nic.in
Child Protection,POCSO Act,2012,Protection of children from sexual offences.,https://indiacode.nic.in
Child Protection,Juvenile Justice Act,2015,Care and protection of children.,https://indiacode.nic.in
Child Protection,Child Labour Prohibition Act,1986,Prevents child labour.,https://indiacode.nic.in
Child Protection,Right to Education Act,2009,Free education for children.,https://indiacode.nic.in
Child Protection,Prohibition of Child Marriage Act,2006,Prevents child marriages.,https://indiacode.nic.in
Cyber Safety,Information Technology Act,2000,Cyber crime law.,https://indiacode.nic.in
Cyber Safety,Digital Personal Data Protection Act,2023,Protects digital personal data.,https://indiacode.nic.in
Family Law,Hindu Marriage Act,1955,Marriage law for Hindus.,https://indiacode.nic.in
Family Law,Special Marriage Act,1954,Civil marriage law.,https://indiacode.nic.in
Family Law,Hindu Succession Act,1956,Property rights.,https://indiacode.nic.in
Family Law,Hindu Adoption and Maintenance Act,1956,Adoption and maintenance.,https://indiacode.nic.in
Criminal Law Section,Bharatiya Nyaya Sanhita Section 1,2023,"Criminal provision covering offences like violence, harassment, assault or exploitation.",https://indiacode.nic.in
Criminal Law Section,Bharatiya Nyaya Sanhita Section 2,2023,"Criminal provision covering offences like violence, harassment, assault or exploitation.",https://indiacode.nic.in
Criminal Law Section,Bharatiya Nyaya Sanhita Section 3,2023,"Criminal provision covering offences like violence, harassment, assault or exploitation.",https://indiacode.nic.in
Criminal Law Section,Bharatiya Nyaya Sanhita Section 4,2023,"Criminal provision covering offences like violence, harassment, assault or exploitation.",https://indiacode.nic.in
Criminal Law Section,Bharatiya Nyaya Sanhita Section 5,2023,"Criminal provision covering offences like violence, harassment, assault or exploitation.",https://indiacode.nic.in
Criminal Law Section,Bharatiya Nyaya Sanhita Section 6,2023,"Criminal provision covering offences like violence, harassment, assault or exploitation.",https://indiacode.nic.in
Criminal Law Section,Bharatiya Nyaya Sanhita Section 7,2023,"Criminal provision covering offences like violence, harassment, assault or exploitation.",https://indiacode.nic.in
Criminal Law Section,Bharatiya Nyaya Sanhita Section 8,2023,"Criminal provision covering offences like violence, harassment, assault or exploitation.",https://indiacode.nic.in
Criminal Law Section,Bharatiya Nyaya Sanhita Section 9,2023,"Criminal provision covering offences like violence, harassment, assault or exploitation.",https://indiacode.nic.in
Criminal Law Section,Bharatiya Nyaya Sanhita Section 10,2023,"Criminal provision covering offences like violence, harassment, assault or exploitation.",https://indiacode.nic.in
Criminal Law Section,Bharatiya Nyaya Sanhita Section 11,2023,"Criminal provision covering offences like violence, harassment, assault or exploitation.",https://indiacode.nic.in
Criminal Law Section,Bharatiya Nyaya Sanhita Section 12,2023,"Criminal provision covering offences like violence, harassment, assault or exploitation.",https://indiacode.nic.in
Criminal Law Section,Bharatiya Nyaya Sanhita Section 13,2023,"Criminal provision covering offences like violence, harassment, assault or exploitation.",https://indiacode.nic.in
Criminal Law Section,Bharatiya Nyaya Sanhita Section 14,2023,"Criminal provision covering offences like violence, harassment, assault or exploitation.",https://indiacode.nic.in
Criminal Law Section,Bharatiya Nyaya Sanhita Section 15,2023,"Criminal provision covering offences like violence, harassment, assault or exploitation.",https://indiacode.nic.in
Criminal Law Section,Bharatiya Nyaya Sanhita Section 16,2023,"Criminal provision covering offences like violence, harassment, assault or exploitation.",https://indiacode.nic.in
Criminal Law Section,Bharatiya Nyaya Sanhita Section 17,2023,"Criminal provision covering offences like violence, harassment, assault or exploitation.",https://indiacode.nic.in
Criminal Law Section,Bharatiya Nyaya Sanhita Section 18,2023,"Criminal provision covering offences like violence, harassment, assault or exploitation.",https://indiacode.nic.in
Criminal Law Section,Bharatiya Nyaya Sanhita Section 19,2023,"Criminal provision covering offences like violence, harassment, assault or exploitation.",https://indiacode.nic.in
Criminal Law Section,Bharatiya Nyaya Sanhita Section 20,2023,"Criminal provision covering offences like violence, harassment, assault or exploitation.",https://indiacode.nic.in
Criminal Law Section,Bharatiya Nyaya Sanhita Section 21,2023,"Criminal provision covering offences like violence, harassment, assault or exploitation.",https://indiacode.nic.in
Criminal Law Section,Bharatiya Nyaya Sanhita Section 22,2023,"Criminal provision covering offences like violence, harassment, assault or exploitation.",https://indiacode.nic.in
Criminal Law Section,Bharatiya Nyaya Sanhita Section 23,2023,"Criminal provision covering offences like violence, harassment, assault or exploitation.",https://indiacode.nic.in
Criminal Law Section,Bharatiya Nyaya Sanhita Section 24,2023,"Criminal provision covering offences like violence, harassment, assault or exploitation.",https://indiacode.nic.in
Criminal Law Section,Bharatiya Nyaya Sanhita Section 25,2023,"Criminal provision covering offences like violence, harassment, assault or exploitation.",https://indiacode.nic.in
Criminal Law Section,Bharatiya Nyaya Sanhita Section 26,2023,"Criminal provision covering offences like violence, harassment, assault or exploitation.",https://indiacode.nic.in
Criminal Law Section,Bharatiya Nyaya Sanhita Section 27,2023,"Criminal provision covering offences like violence, harassment, assault or exploitation.",https://indiacode.nic.in
Criminal Law Section,Bharatiya Nyaya Sanhita Section 28,2023,"Criminal provision covering offences like violence, harassment, assault or exploitation.",https://indiacode.nic.in
Criminal Law Section,Bharatiya Nyaya Sanhita Section 29,2023,"Criminal provision covering offences like violence, harassment, assault or exploitation.",https://indiacode.nic.in
Criminal Law Section,Bharatiya Nyaya Sanhita Section 30,2023,"Criminal provision covering offences like violence, harassment, assault or exploitation.",https://indiacode.nic.in
Criminal Law Section,Bharatiya Nyaya Sanhita Section 31,2023,"Criminal provision covering offences like violence, harassment, assault or exploitation.",https://indiacode.nic.in
Criminal Law Section,Bharatiya Nyaya Sanhita Section 32,2023,"Criminal provision covering offences like violence, harassment, assault or exploitation.",https://indiacode.nic.in
Criminal Law Section,Bharatiya Nyaya Sanhita Section 33,2023,"Criminal provision covering offences like violence, harassment, assault or exploitation.",https://indiacode.nic.in
Criminal Law Section,Bharatiya Nyaya Sanhita Section 34,2023,"Criminal provision covering offences like violence, harassment, assault or exploitation.",https://indiacode.nic.in
Criminal Law Section,Bharatiya Nyaya Sanhita Section 35,2023,"Criminal provision covering offences like violence, harassment, assault or exploitation.",https://indiacode.nic.in
Criminal Law Section,Bharatiya Nyaya Sanhita Section 36,2023,"Criminal provision covering offences like violence, harassment, assault or exploitation.",https://indiacode.nic.in
Criminal Law Section,Bharatiya Nyaya Sanhita Section 37,2023,"Criminal provision covering offences like violence, harassment, assault or exploitation.",https://indiacode.nic.in
Criminal Law Section,Bharatiya Nyaya Sanhita Section 38,2023,"Criminal provision covering offences like violence, harassment, assault or exploitation.",https://indiacode.nic.in
Criminal Law Section,Bharatiya Nyaya Sanhita Section 39,2023,"Criminal provision covering offences like violence, harassment, assault or exploitation.",https://indiacode.nic.in
Criminal Law Section,Bharatiya Nyaya Sanhita Section 40,2023,"Criminal provision covering offences like violence, harassment, assault or exploitation.",https://indiacode.nic.in
Criminal Law Section,Bharatiya Nyaya Sanhita Section 41,2023,"Criminal provision covering offences like violence, harassment, assault or exploitation.",https://indiacode.nic.in
Criminal Law Section,Bharatiya Nyaya Sanhita Section 42,2023,"Criminal provision covering offences like violence, harassment, assault or exploitation.",https://indiacode.nic.in
Criminal Law Section,Bharatiya Nyaya Sanhita Section 43,2023,"Criminal provision covering offences like violence, harassment, assault or exploitation.",https://indiacode.nic.in
Criminal Law Section,Bharatiya Nyaya Sanhita Section 44,2023,"Criminal provision covering offences like violence, harassment, assault or exploitation.",https://indiacode.nic.in
Criminal Law Section,Bharatiya Nyaya Sanhita Section 45,2023,"Criminal provision covering offences like violence, harassment, assault or exploitation.",https://indiacode.nic.in
Criminal Law Section,Bharatiya Nyaya Sanhita Section 46,2023,"Criminal provision covering offences like violence, harassment, assault or exploitation.",https://indiacode.nic.in
Criminal Law Section,Bharatiya Nyaya Sanhita Section 47,2023,"Criminal provision covering offences like violence, harassment, assault or exploitation.",https://indiacode.nic.in
Criminal Law Section,Bharatiya Nyaya Sanhita Section 48,2023,"Criminal provision covering offences like violence, harassment, assault or exploitation.",https://indiacode.nic.in
Criminal Law Section,Bharatiya Nyaya Sanhita Section 49,2023,"Criminal provision covering offences like violence, harassment, assault or exploitation.",https://indiacode.nic.in
Criminal Law Section,Bharatiya Nyaya Sanhita Section 50,2023,"Criminal provision covering offences like violence, harassment, assault or exploitation.",https://indiacode.nic.in
Criminal Law Section,Bharatiya Nyaya Sanhita Section 51,2023,"Criminal provision covering offences like violence, harassment, assault or exploitation.",https://indiacode.nic.in
Criminal Law Section,Bharatiya Nyaya Sanhita Section 52,2023,"Criminal provision covering offences like violence, harassment, assault or exploitation.",https://indiacode.nic.in
Criminal Law Section,Bharatiya Nyaya Sanhita Section 53,2023,"Criminal provision covering offences like violence, harassment, assault or exploitation.",https://indiacode.nic.in
Criminal Law Section,Bharatiya Nyaya Sanhita Section 54,2023,"Criminal provision covering offences like violence, harassment, assault or exploitation.",https://indiacode.nic.in
Criminal Law Section,Bharatiya Nyaya Sanhita Section 55,2023,"Criminal provision covering offences like violence, harassment, assault or exploitation.",https://indiacode.nic.in
Criminal Law Section,Bharatiya Nyaya Sanhita Section 56,2023,"Criminal provision covering offences like violence, harassment, assault or exploitation.",https://indiacode.nic.in
Criminal Law Section,Bharatiya Nyaya Sanhita Section 57,2023,"Criminal provision covering offences like violence, harassment, assault or exploitation.",https://indiacode.nic.in
Criminal Law Section,Bharatiya Nyaya Sanhita Section 58,2023,"Criminal provision covering offences like violence, harassment, assault or exploitation.",https://indiacode.nic.in
Criminal Law Section,Bharatiya Nyaya Sanhita Section 59,2023,"Criminal provision covering offences like violence, harassment, assault or exploitation.",https://indiacode.nic.in
Criminal Law Section,Bharatiya Nyaya Sanhita Section 60,2023,"Criminal provision covering offences like violence, harassment, assault or exploitation.",https://indiacode.nic.in
Criminal Law Section,Bharatiya Nyaya Sanhita Section 61,2023,"Criminal provision covering offences like violence, harassment, assault or exploitation.",https://indiacode.nic.in
Criminal Law Section,Bharatiya Nyaya Sanhita Section 62,2023,"Criminal provision covering offences like violence, harassment, assault or exploitation.",https://indiacode.nic.in
Criminal Law Section,Bharatiya Nyaya Sanhita Section 63,2023,"Criminal provision covering offences like violence, harassment, assault or exploitation.",https://indiacode.nic.in
Criminal Law Section,Bharatiya Nyaya Sanhita Section 64,2023,"Criminal provision covering offences like violence, harassment, assault or exploitation.",https://indiacode.nic.in
Criminal Law Section,Bharatiya Nyaya Sanhita Section 65,2023,"Criminal provision covering offences like violence, harassment, assault or exploitation.",https://indiacode.nic.in
Criminal Law Section,Bharatiya Nyaya Sanhita Section 66,2023,"Criminal provision covering offences like violence, harassment, assault or exploitation.",https://indiacode.nic.in
Criminal Law Section,Bharatiya Nyaya Sanhita Section 67,2023,"Criminal provision covering offences like violence, harassment, assault or exploitation.",https://indiacode.nic.in
Criminal Law Section,Bharatiya Nyaya Sanhita Section 68,2023,"Criminal provision covering offences like violence, harassment, assault or exploitation.",https://indiacode.nic.in
Criminal Law Section,Bharatiya Nyaya Sanhita Section 69,2023,"Criminal provision covering offences like violence, harassment, assault or exploitation.",https://indiacode.nic.in
Criminal Law Section,Bharatiya Nyaya Sanhita Section 70,2023,"Criminal provision covering offences like violence, harassment, assault or exploitation.",https://indiacode.nic.in
Criminal Law Section,Bharatiya Nyaya Sanhita Section 71,2023,"Criminal provision covering offences like violence, harassment, assault or exploitation.",https://indiacode.nic.in
Criminal Law Section,Bharatiya Nyaya Sanhita Section 72,2023,"Criminal provision covering offences like violence, harassment, assault or exploitation.",https://indiacode.nic.in
Criminal Law Section,Bharatiya Nyaya Sanhita Section 73,2023,"Criminal provision covering offences like violence, harassment, assault or exploitation.",https://indiacode.nic.in
Criminal Law Section,Bharatiya Nyaya Sanhita Section 74,2023,"Criminal provision covering offences like violence, harassment, assault or exploitation.",https://indiacode.nic.in
Criminal Law Section,Bharatiya Nyaya Sanhita Section 75,2023,"Criminal provision covering offences like violence, harassment, assault or exploitation.",https://indiacode.nic.in
Criminal Law Section,Bharatiya Nyaya Sanhita Section 76,2023,"Criminal provision covering offences like violence, harassment, assault or exploitation.",https://indiacode.nic.in
Criminal Law Section,Bharatiya Nyaya Sanhita Section 77,2023,"Criminal provision covering offences like violence, harassment, assault or exploitation.",https://indiacode.nic.in
Criminal Law Section,Bharatiya Nyaya Sanhita Section 78,2023,"Criminal provision covering offences like violence, harassment, assault or exploitation.",https://indiacode.nic.in
Criminal Law Section,Bharatiya Nyaya Sanhita Section 79,2023,"Criminal provision covering offences like violence, harassment, assault or exploitation.",https://indiacode.nic.in
Criminal Law Section,Bharatiya Nyaya Sanhita Section 80,2023,"Criminal provision covering offences like violence, harassment, assault or exploitation.",https://indiacode.nic.in
Criminal Law Section,Bharatiya Nyaya Sanhita Section 81,2023,"Criminal provision covering offences like violence, harassment, assault or exploitation.",https://indiacode.nic.in
Criminal Law Section,Bharatiya Nyaya Sanhita Section 82,2023,"Criminal provision covering offences like violence, harassment, assault or exploitation.",https://indiacode.nic.in
Criminal Law Section,Bharatiya Nyaya Sanhita Section 83,2023,"Criminal provision covering offences like violence, harassment, assault or exploitation.",https://indiacode.nic.in
Criminal Law Section,Bharatiya Nyaya Sanhita Section 84,2023,"Criminal provision covering offences like violence, harassment, assault or exploitation.",https://indiacode.nic.in
Criminal Law Section,Bharatiya Nyaya Sanhita Section 85,2023,"Criminal provision covering offences like violence, harassment, assault or exploitation.",https://indiacode.nic.in
Criminal Law Section,Bharatiya Nyaya Sanhita Section 86,2023,"Criminal provision covering offences like violence, harassment, assault or exploitation.",https://indiacode.nic.in
Criminal Law Section,Bharatiya Nyaya Sanhita Section 87,2023,"Criminal provision covering offences like violence, harassment, assault or exploitation.",https://indiacode.nic.in
Criminal Law Section,Bharatiya Nyaya Sanhita Section 88,2023,"Criminal provision covering offences like violence, harassment, assault or exploitation.",https://indiacode.nic.in
Criminal Law Section,Bharatiya Nyaya Sanhita Section 89,2023,"Criminal provision covering offences like violence, harassment, assault or exploitation.",https://indiacode.nic.in
Criminal Law Section,Bharatiya Nyaya Sanhita Section 90,2023,"Criminal provision covering offences like violence, harassment, assault or exploitation.",https://indiacode.nic.in
Criminal Law Section,Bharatiya Nyaya Sanhita Section 91,2023,"Criminal provision covering offences like violence, harassment, assault or exploitation.",https://indiacode.nic.in
Criminal Law Section,Bharatiya Nyaya Sanhita Section 92,2023,"Criminal provision covering offences like violence, harassment, assault or exploitation.",https://indiacode.nic.in
Criminal Law Section,Bharatiya Nyaya Sanhita Section 93,2023,"Criminal provision covering offences like violence, harassment, assault or exploitation.",https://indiacode.nic.in
Criminal Law Section,Bharatiya Nyaya Sanhita Section 94,2023,"Criminal provision covering offences like violence, harassment, assault or exploitation.",https://indiacode.nic.in
Criminal Law Section,Bharatiya Nyaya Sanhita Section 95,2023,"Criminal provision covering offences like violence, harassment, assault or exploitation.",https://indiacode.nic.in
Criminal Law Section,Bharatiya Nyaya Sanhita Section 96,2023,"Criminal provision covering offences like violence, harassment, assault or exploitation.",https://indiacode.nic.in
Criminal Law Section,Bharatiya Nyaya Sanhita Section 97,2023,"Criminal provision covering offences like violence, harassment, assault or exploitation.",https://indiacode.nic.in
Criminal Law Section,Bharatiya Nyaya Sanhita Section 98,2023,"Criminal provision covering offences like violence, harassment, assault or exploitation.",https://indiacode.nic.in
Criminal Law Section,Bharatiya Nyaya Sanhita Section 99,2023,"Criminal provision covering offences like violence, harassment, assault or exploitation.",https://indiacode.nic.in
Criminal Law Section,Bharatiya Nyaya Sanhita Section 100,2023,"Criminal provision covering offences like violence, harassment, assault or exploitation.",https://indiacode.nic.in
Criminal Law Section,Bharatiya Nyaya Sanhita Section 101,2023,"Criminal provision covering offences like violence, harassment, assault or exploitation.",https://indiacode.nic.in
Criminal Law Section,Bharatiya Nyaya Sanhita Section 102,2023,"Criminal provision covering offences like violence, harassment, assault or exploitation.",https://indiacode.nic.in
Criminal Law Section,Bharatiya Nyaya Sanhita Section 103,2023,"Criminal provision covering offences like violence, harassment, assault or exploitation.",https://indiacode.nic.in
Criminal Law Section,Bharatiya Nyaya Sanhita Section 104,2023,"Criminal provision covering offences like violence, harassment, assault or exploitation.",https://indiacode.nic.in
Criminal Law Section,Bharatiya Nyaya Sanhita Section 105,2023,"Criminal provision covering offences like violence, harassment, assault or exploitation.",https://indiacode.nic.in
Criminal Law Section,Bharatiya Nyaya Sanhita Section 106,2023,"Criminal provision covering offences like violence, harassment, assault or exploitation.",https://indiacode.nic.in
Criminal Law Section,Bharatiya Nyaya Sanhita Section 107,2023,"Criminal provision covering offences like violence, harassment, assault or exploitation.",https://indiacode.nic.in
Criminal Law Section,Bharatiya Nyaya Sanhita Section 108,2023,"Criminal provision covering offences like violence, harassment, assault or exploitation.",https://indiacode.nic.in
Criminal Law Section,Bharatiya Nyaya Sanhita Section 109,2023,"Criminal provision covering offences like violence, harassment, assault or exploitation.",https://indiacode.nic.in
Criminal Law Section,Bharatiya Nyaya Sanhita Section 110,2023,"Criminal provision covering offences like violence, harassment, assault or exploitation.",https://indiacode.nic.in
Criminal Law Section,Bharatiya Nyaya Sanhita Section 111,2023,"Criminal provision covering offences like violence, harassment, assault or exploitation.",https://indiacode.nic.in
Criminal Law Section,Bharatiya Nyaya Sanhita Section 112,2023,"Criminal provision covering offences like violence, harassment, assault or exploitation.",https://indiacode.nic.in
Criminal Law Section,Bharatiya Nyaya Sanhita Section 113,2023,"Criminal provision covering offences like violence, harassment, assault or exploitation.",https://indiacode.nic.in
Criminal Law Section,Bharatiya Nyaya Sanhita Section 114,2023,"Criminal provision covering offences like violence, harassment, assault or exploitation.",https://indiacode.nic.in
Criminal Law Section,Bharatiya Nyaya Sanhita Section 115,2023,"Criminal provision covering offences like violence, harassment, assault or exploitation.",https://indiacode.nic.in
Criminal Law Section,Bharatiya Nyaya Sanhita Section 116,2023,"Criminal provision covering offences like violence, harassment, assault or exploitation.",https://indiacode.nic.in
Criminal Law Section,Bharatiya Nyaya Sanhita Section 117,2023,"Criminal provision covering offences like violence, harassment, assault or exploitation.",https://indiacode.nic.in
Criminal Law Section,Bharatiya Nyaya Sanhita Section 118,2023,"Criminal provision covering offences like violence, harassment, assault or exploitation.",https://indiacode.nic.in
Criminal Law Section,Bharatiya Nyaya Sanhita Section 119,2023,"Criminal provision covering offences like violence, harassment, assault or exploitation.",https://indiacode.nic.in
Criminal Law Section,Bharatiya Nyaya Sanhita Section 120,2023,"Criminal provision covering offences like violence, harassment, assault or exploitation.",https://indiacode.nic.in
Criminal Law Section,Bharatiya Nyaya Sanhita Section 121,2023,"Criminal provision covering offences like violence, harassment, assault or exploitation.",https://indiacode.nic.in
Criminal Law Section,Bharatiya Nyaya Sanhita Section 122,2023,"Criminal provision covering offences like violence, harassment, assault or exploitation.",https://indiacode.nic.in
Criminal Law Section,Bharatiya Nyaya Sanhita Section 123,2023,"Criminal provision covering offences like violence, harassment, assault or exploitation.",https://indiacode.nic.in
Criminal Law Section,Bharatiya Nyaya Sanhita Section 124,2023,"Criminal provision covering offences like violence, harassment, assault or exploitation.",https://indiacode.nic.in
Criminal Law Section,Bharatiya Nyaya Sanhita Section 125,2023,"Criminal provision covering offences like violence, harassment, assault or exploitation.",https://indiacode.nic.in
Criminal Law Section,Bharatiya Nyaya Sanhita Section 126,2023,"Criminal provision covering offences like violence, harassment, assault or exploitation.",https://indiacode.nic.in
Criminal Law Section,Bharatiya Nyaya Sanhita Section 127,2023,"Criminal provision covering offences like violence, harassment, assault or exploitation.",https://indiacode.nic.in
Criminal Law Section,Bharatiya Nyaya Sanhita Section 128,2023,"Criminal provision covering offences like violence, harassment, assault or exploitation.",https://indiacode.nic.in
Criminal Law Section,Bharatiya Nyaya Sanhita Section 129,2023,"Criminal provision covering offences like violence, harassment, assault or exploitation.",https://indiacode.nic.in
Criminal Law Section,Bharatiya Nyaya Sanhita Section 130,2023,"Criminal provision covering offences like violence, harassment, assault or exploitation.",https://indiacode.nic.in
Criminal Law Section,Bharatiya Nyaya Sanhita Section 131,2023,"Criminal provision covering offences like violence, harassment, assault or exploitation.",https://indiacode.nic.in
Criminal Law Section,Bharatiya Nyaya Sanhita Section 132,2023,"Criminal provision covering offences like violence, harassment, assault or exploitation.",https://indiacode.nic.in
Criminal Law Section,Bharatiya Nyaya Sanhita Section 133,2023,"Criminal provision covering offences like violence, harassment, assault or exploitation.",https://indiacode.nic.in
Criminal Law Section,Bharatiya Nyaya Sanhita Section 134,2023,"Criminal provision covering offences like violence, harassment, assault or exploitation.",https://indiacode.nic.in
Criminal Law Section,Bharatiya Nyaya Sanhita Section 135,2023,"Criminal provision covering offences like violence, harassment, assault or exploitation.",https://indiacode.nic.in
Criminal Law Section,Bharatiya Nyaya Sanhita Section 136,2023,"Criminal provision covering offences like violence, harassment, assault or exploitation.",https://indiacode.nic.in
Criminal Law Section,Bharatiya Nyaya Sanhita Section 137,2023,"Criminal provision covering offences like violence, harassment, assault or exploitation.",https://indiacode.nic.in
Criminal Law Section,Bharatiya Nyaya Sanhita Section 138,2023,"Criminal provision covering offences like violence, harassment, assault or exploitation.",https://indiacode.nic.in
Criminal Law Section,Bharatiya Nyaya Sanhita Section 139,2023,"Criminal provision covering offences like violence, harassment, assault or exploitation.",https://indiacode.nic.in
Criminal Law Section,Bharatiya Nyaya Sanhita Section 140,2023,"Criminal provision covering offences like violence, harassment, assault or exploitation.",https://indiacode.nic.in
Criminal Law Section,Bharatiya Nyaya Sanhita Section 141,2023,"Criminal provision covering offences like violence, harassment, assault or exploitation.",https://indiacode.nic.in
Criminal Law Section,Bharatiya Nyaya Sanhita Section 142,2023,"Criminal provision covering offences like violence, harassment, assault or exploitation.",https://indiacode.nic.in
Criminal Law Section,Bharatiya Nyaya Sanhita Section 143,2023,"Criminal provision covering offences like violence, harassment, assault or exploitation.",https://indiacode.nic.in
Criminal Law Section,Bharatiya Nyaya Sanhita Section 144,2023,"Criminal provision covering offences like violence, harassment, assault or exploitation.",https://indiacode.nic.in
Criminal Law Section,Bharatiya Nyaya Sanhita Section 145,2023,"Criminal provision covering offences like violence, harassment, assault or exploitation.",https://indiacode.nic.in
Criminal Law Section,Bharatiya Nyaya Sanhita Section 146,2023,"Criminal provision covering offences like violence, harassment, assault or exploitation.",https://indiacode.nic.in
Criminal Law Section,Bharatiya Nyaya Sanhita Section 147,2023,"Criminal provision covering offences like violence, harassment, assault or exploitation.",https://indiacode.nic.in
Criminal Law Section,Bharatiya Nyaya Sanhita Section 148,2023,"Criminal provision covering offences like violence, harassment, assault or exploitation.",https://indiacode.nic.in
Criminal Law Section,Bharatiya Nyaya Sanhita Section 149,2023,"Criminal provision covering offences like violence, harassment, assault or exploitation.",https://indiacode.nic.in
Criminal Law Section,Bharatiya Nyaya Sanhita Section 150,2023,"Criminal provision covering offences like violence, harassment, assault or exploitation.",https://indiacode.nic.in
Criminal Law Section,Bharatiya Nyaya Sanhita Section 151,2023,"Criminal provision covering offences like violence, harassment, assault or exploitation.",https://indiacode.nic.in
Criminal Law Section,Bharatiya Nyaya Sanhita Section 152,2023,"Criminal provision covering offences like violence, harassment, assault or exploitation.",https://indiacode.nic.in
Criminal Law Section,Bharatiya Nyaya Sanhita Section 153,2023,"Criminal provision covering offences like violence, harassment, assault or exploitation.",https://indiacode.nic.in
Criminal Law Section,Bharatiya Nyaya Sanhita Section 154,2023,"Criminal provision covering offences like violence, harassment, assault or exploitation.",https://indiacode.nic.in
Criminal Law Section,Bharatiya Nyaya Sanhita Section 155,2023,"Criminal provision covering offences like violence, harassment, assault or exploitation.",https://indiacode.nic.in
Criminal Law Section,Bharatiya Nyaya Sanhita Section 156,2023,"Criminal provision covering offences like violence, harassment, assault or exploitation.",https://indiacode.nic.in
Criminal Law Section,Bharatiya Nyaya Sanhita Section 157,2023,"Criminal provision covering offences like violence, harassment, assault or exploitation.",https://indiacode.nic.in
Criminal Law Section,Bharatiya Nyaya Sanhita Section 158,2023,"Criminal provision covering offences like violence, harassment, assault or exploitation.",https://indiacode.nic.in
Criminal Law Section,Bharatiya Nyaya Sanhita Section 159,2023,"Criminal provision covering offences like violence, harassment, assault or exploitation.",https://indiacode.nic.in
Criminal Law Section,Bharatiya Nyaya Sanhita Section 160,2023,"Criminal provision covering offences like violence, harassment, assault or exploitation.",https://indiacode.nic.in
Criminal Law Section,Bharatiya Nyaya Sanhita Section 161,2023,"Criminal provision covering offences like violence, harassment, assault or exploitation.",https://indiacode.nic.in
Criminal Law Section,Bharatiya Nyaya Sanhita Section 162,2023,"Criminal provision covering offences like violence, harassment, assault or exploitation.",https://indiacode.nic.in
Criminal Law Section,Bharatiya Nyaya Sanhita Section 163,2023,"Criminal provision covering offences like violence, harassment, assault or exploitation.",https://indiacode.nic.in
Criminal Law Section,Bharatiya Nyaya Sanhita Section 164,2023,"Criminal provision covering offences like violence, harassment, assault or exploitation.",https://indiacode.nic.in
Criminal Law Section,Bharatiya Nyaya Sanhita Section 165,2023,"Criminal provision covering offences like violence, harassment, assault or exploitation.",https://indiacode.nic.in
Criminal Law Section,Bharatiya Nyaya Sanhita Section 166,2023,"Criminal provision covering offences like violence, harassment, assault or exploitation.",https://indiacode.nic.in
Criminal Law Section,Bharatiya Nyaya Sanhita Section 167,2023,"Criminal provision covering offences like violence, harassment, assault or exploitation.",https://indiacode.nic.in
Criminal Law Section,Bharatiya Nyaya Sanhita Section 168,2023,"Criminal provision covering offences like violence, harassment, assault or exploitation.",https://indiacode.nic.in
Criminal Law Section,Bharatiya Nyaya Sanhita Section 169,2023,"Criminal provision covering offences like violence, harassment, assault or exploitation.",https://indiacode.nic.in
Criminal Law Section,Bharatiya Nyaya Sanhita Section 170,2023,"Criminal provision covering offences like violence, harassment, assault or exploitation.",https://indiacode.nic.in
Criminal Law Section,Bharatiya Nyaya Sanhita Section 171,2023,"Criminal provision covering offences like violence, harassment, assault or exploitation.",https://indiacode.nic.in
Criminal Law Section,Bharatiya Nyaya Sanhita Section 172,2023,"Criminal provision covering offences like violence, harassment, assault or exploitation.",https://indiacode.nic.in
Criminal Law Section,Bharatiya Nyaya Sanhita Section 173,2023,"Criminal provision covering offences like violence, harassment, assault or exploitation.",https://indiacode.nic.in
Criminal Law Section,Bharatiya Nyaya Sanhita Section 174,2023,"Criminal provision covering offences like violence, harassment, assault or exploitation.",https://indiacode.nic.in
Criminal Law Section,Bharatiya Nyaya Sanhita Section 175,2023,"Criminal provision covering offences like violence, harassment, assault or exploitation.",https://indiacode.nic.in
Criminal Law Section,Bharatiya Nyaya Sanhita Section 176,2023,"Criminal provision covering offences like violence, harassment, assault or exploitation.",https://indiacode.nic.in
Criminal Law Section,Bharatiya Nyaya Sanhita Section 177,2023,"Criminal provision covering offences like violence, harassment, assault or exploitation.",https://indiacode.nic.in
Criminal Law Section,Bharatiya Nyaya Sanhita Section 178,2023,"Criminal provision covering offences like violence, harassment, assault or exploitation.",https://indiacode.nic.in
Criminal Law Section,Bharatiya Nyaya Sanhita Section 179,2023,"Criminal provision covering offences like violence, harassment, assault or exploitation.",https://indiacode.nic.in
Criminal Law Section,Bharatiya Nyaya Sanhita Section 180,2023,"Criminal provision covering offences like violence, harassment, assault or exploitation.",https://indiacode.nic.in
Criminal Law Section,Bharatiya Nyaya Sanhita Section 181,2023,"Criminal provision covering offences like violence, harassment, assault or exploitation.",https://indiacode.nic.in
Criminal Law Section,Bharatiya Nyaya Sanhita Section 182,2023,"Criminal provision covering offences like violence, harassment, assault or exploitation.",https://indiacode.nic.in
Criminal Law Section,Bharatiya Nyaya Sanhita Section 183,2023,"Criminal provision covering offences like violence, harassment, assault or exploitation.",https://indiacode.nic.in
Criminal Law Section,Bharatiya Nyaya Sanhita Section 184,2023,"Criminal provision covering offences like violence, harassment, assault or exploitation.",https://indiacode.nic.in
Criminal Law Section,Bharatiya Nyaya Sanhita Section 185,2023,"Criminal provision covering offences like violence, harassment, assault or exploitation.",https://indiacode.nic.in
Criminal Law Section,Bharatiya Nyaya Sanhita Section 186,2023,"Criminal provision covering offences like violence, harassment, assault or exploitation.",https://indiacode.nic.in
Criminal Law Section,Bharatiya Nyaya Sanhita Section 187,2023,"Criminal provision covering offences like violence, harassment, assault or exploitation.",https://indiacode.nic.in
Criminal Law Section,Bharatiya Nyaya Sanhita Section 188,2023,"Criminal provision covering offences like violence, harassment, assault or exploitation.",https://indiacode.nic.in
Criminal Law Section,Bharatiya Nyaya Sanhita Section 189,2023,"Criminal provision covering offences like violence, harassment, assault or exploitation.",https://indiacode.nic.in
Criminal Law Section,Bharatiya Nyaya Sanhita Section 190,2023,"Criminal provision covering offences like violence, harassment, assault or exploitation.",https://indiacode.nic.in
Criminal Law Section,Bharatiya Nyaya Sanhita Section 191,2023,"Criminal provision covering offences like violence, harassment, assault or exploitation.",https://indiacode.nic.in
Criminal Law Section,Bharatiya Nyaya Sanhita Section 192,2023,"Criminal provision covering offences like violence, harassment, assault or exploitation.",https://indiacode.nic.in
Criminal Law Section,Bharatiya Nyaya Sanhita Section 193,2023,"Criminal provision covering offences like violence, harassment, assault or exploitation.",https://indiacode.nic.in
Criminal Law Section,Bharatiya Nyaya Sanhita Section 194,2023,"Criminal provision covering offences like violence, harassment, assault or exploitation.",https://indiacode.nic.in
Criminal Law Section,Bharatiya Nyaya Sanhita Section 195,2023,"Criminal provision covering offences like violence, harassment, assault or exploitation.",https://indiacode.nic.in
Criminal Law Section,Bharatiya Nyaya Sanhita Section 196,2023,"Criminal provision covering offences like violence, harassment, assault or exploitation.",https://indiacode.nic.in
Criminal Law Section,Bharatiya Nyaya Sanhita Section 197,2023,"Criminal provision covering offences like violence, harassment, assault or exploitation.",https://indiacode.nic.in
Criminal Law Section,Bharatiya Nyaya Sanhita Section 198,2023,"Criminal provision covering offences like violence, harassment, assault or exploitation.",https://indiacode.nic.in
Criminal Law Section,Bharatiya Nyaya Sanhita Section 199,2023,"Criminal provision covering offences like violence, harassment, assault or exploitation.",https://indiacode.nic.in
Criminal Law Section,Bharatiya Nyaya Sanhita Section 200,2023,"Criminal provision covering offences like violence, harassment, assault or exploitation.",https://indiacode.nic.in
Criminal Law Section,Bharatiya Nyaya Sanhita Section 201,2023,"Criminal provision covering offences like violence, harassment, assault or exploitation.",https://indiacode.nic.in
Criminal Law Section,Bharatiya Nyaya Sanhita Section 202,2023,"Criminal provision covering offences like violence, harassment, assault or exploitation.",https://indiacode.nic.in
Criminal Law Section,Bharatiya Nyaya Sanhita Section 203,2023,"Criminal provision covering offences like violence, harassment, assault or exploitation.",https://indiacode.nic.in
Criminal Law Section,Bharatiya Nyaya Sanhita Section 204,2023,"Criminal provision covering offences like violence, harassment, assault or exploitation.",https://indiacode.nic.in
Criminal Law Section,Bharatiya Nyaya Sanhita Section 205,2023,"Criminal provision covering offences like violence, harassment, assault or exploitation.",https://indiacode.nic.in
Criminal Law Section,Bharatiya Nyaya Sanhita Section 206,2023,"Criminal provision covering offences like violence, harassment, assault or exploitation.",https://indiacode.nic.in
Criminal Law Section,Bharatiya Nyaya Sanhita Section 207,2023,"Criminal provision covering offences like violence, harassment, assault or exploitation.",https://indiacode.nic.in
Criminal Law Section,Bharatiya Nyaya Sanhita Section 208,2023,"Criminal provision covering offences like violence, harassment, assault or exploitation.",https://indiacode.nic.in
Criminal Law Section,Bharatiya Nyaya Sanhita Section 209,2023,"Criminal provision covering offences like violence, harassment, assault or exploitation.",https://indiacode.nic.in
Criminal Law Section,Bharatiya Nyaya Sanhita Section 210,2023,"Criminal provision covering offences like violence, harassment, assault or exploitation.",https://indiacode.nic.in
Criminal Law Section,Bharatiya Nyaya Sanhita Section 211,2023,"Criminal provision covering offences like violence, harassment, assault or exploitation.",https://indiacode.nic.in
Criminal Law Section,Bharatiya Nyaya Sanhita Section 212,2023,"Criminal provision covering offences like violence, harassment, assault or exploitation.",https://indiacode.nic.in
Criminal Law Section,Bharatiya Nyaya Sanhita Section 213,2023,"Criminal provision covering offences like violence, harassment, assault or exploitation.",https://indiacode.nic.in
Criminal Law Section,Bharatiya Nyaya Sanhita Section 214,2023,"Criminal provision covering offences like violence, harassment, assault or exploitation.",https://indiacode.nic.in
Criminal Law Section,Bharatiya Nyaya Sanhita Section 215,2023,"Criminal provision covering offences like violence, harassment, assault or exploitation.",https://indiacode.nic.in
Criminal Law Section,Bharatiya Nyaya Sanhita Section 216,2023,"Criminal provision covering offences like violence, harassment, assault or exploitation.",https://indiacode.nic.in
Criminal Law Section,Bharatiya Nyaya Sanhita Section 217,2023,"Criminal provision covering offences like violence, harassment, assault or exploitation.",https://indiacode.nic.in
Criminal Law Section,Bharatiya Nyaya Sanhita Section 218,2023,"Criminal provision covering offences like violence, harassment, assault or exploitation.",https://indiacode.nic.in
Criminal Law Section,Bharatiya Nyaya Sanhita Section 219,2023,"Criminal provision covering offences like violence, harassment, assault or exploitation.",https://indiacode.nic.in
Criminal Law Section,Bharatiya Nyaya Sanhita Section 220,2023,"Criminal provision covering offences like violence, harassment, assault or exploitation.",https://indiacode.nic.in
Criminal Law Section,Bharatiya Nyaya Sanhita Section 221,2023,"Criminal provision covering offences like violence, harassment, assault or exploitation.",https://indiacode.nic.in
Criminal Law Section,Bharatiya Nyaya Sanhita Section 222,2023,"Criminal provision covering offences like violence, harassment, assault or exploitation.",https://indiacode.nic.in
Criminal Law Section,Bharatiya Nyaya Sanhita Section 223,2023,"Criminal provision covering offences like violence, harassment, assault or exploitation.",https://indiacode.nic.in
Criminal Law Section,Bharatiya Nyaya Sanhita Section 224,2023,"Criminal provision covering offences like violence, harassment, assault or exploitation.",https://indiacode.nic.in
Criminal Law Section,Bharatiya Nyaya Sanhita Section 225,2023,"Criminal provision covering offences like violence, harassment, assault or exploitation.",https://indiacode.nic.in
Criminal Law Section,Bharatiya Nyaya Sanhita Section 226,2023,"Criminal provision covering offences like violence, harassment, assault or exploitation.",https://indiacode.nic.in
Criminal Law Section,Bharatiya Nyaya Sanhita Section 227,2023,"Criminal provision covering offences like violence, harassment, assault or exploitation.",https://indiacode.nic.in
Criminal Law Section,Bharatiya Nyaya Sanhita Section 228,2023,"Criminal provision covering offences like violence, harassment, assault or exploitation.",https://indiacode.nic.in
Criminal Law Section,Bharatiya Nyaya Sanhita Section 229,2023,"Criminal provision covering offences like violence, harassment, assault or exploitation.",https://indiacode.nic.in
Criminal Law Section,Bharatiya Nyaya Sanhita Section 230,2023,"Criminal provision covering offences like violence, harassment, assault or exploitation.",https://indiacode.nic.in
Criminal Law Section,Bharatiya Nyaya Sanhita Section 231,2023,"Criminal provision covering offences like violence, harassment, assault or exploitation.",https://indiacode.nic.in
Criminal Law Section,Bharatiya Nyaya Sanhita Section 232,2023,"Criminal provision covering offences like violence, harassment, assault or exploitation.",https://indiacode.nic.in
Criminal Law Section,Bharatiya Nyaya Sanhita Section 233,2023,"Criminal provision covering offences like violence, harassment, assault or exploitation.",https://indiacode.nic.in
Criminal Law Section,Bharatiya Nyaya Sanhita Section 234,2023,"Criminal provision covering offences like violence, harassment, assault or exploitation.",https://indiacode.nic.in
Criminal Law Section,Bharatiya Nyaya Sanhita Section 235,2023,"Criminal provision covering offences like violence, harassment, assault or exploitation.",https://indiacode.nic.in
Criminal Law Section,Bharatiya Nyaya Sanhita Section 236,2023,"Criminal provision covering offences like violence, harassment, assault or exploitation.",https://indiacode.nic.in
Criminal Law Section,Bharatiya Nyaya Sanhita Section 237,2023,"Criminal provision covering offences like violence, harassment, assault or exploitation.",https://indiacode.nic.in
Criminal Law Section,Bharatiya Nyaya Sanhita Section 238,2023,"Criminal provision covering offences like violence, harassment, assault or exploitation.",https://indiacode.nic.in
Criminal Law Section,Bharatiya Nyaya Sanhita Section 239,2023,"Criminal provision covering offences like violence, harassment, assault or exploitation.",https://indiacode.nic.in
Criminal Law Section,Bharatiya Nyaya Sanhita Section 240,2023,"Criminal provision covering offences like violence, harassment, assault or exploitation.",https://indiacode.nic.in
Criminal Law Section,Bharatiya Nyaya Sanhita Section 241,2023,"Criminal provision covering offences like violence, harassment, assault or exploitation.",https://indiacode.nic.in
Criminal Law Section,Bharatiya Nyaya Sanhita Section 242,2023,"Criminal provision covering offences like violence, harassment, assault or exploitation.",https://indiacode.nic.in
Criminal Law Section,Bharatiya Nyaya Sanhita Section 243,2023,"Criminal provision covering offences like violence, harassment, assault or exploitation.",https://indiacode.nic.in
Criminal Law Section,Bharatiya Nyaya Sanhita Section 244,2023,"Criminal provision covering offences like violence, harassment, assault or exploitation.",https://indiacode.nic.in
Criminal Law Section,Bharatiya Nyaya Sanhita Section 245,2023,"Criminal provision covering offences like violence, harassment, assault or exploitation.",https://indiacode.nic.in
Criminal Law Section,Bharatiya Nyaya Sanhita Section 246,2023,"Criminal provision covering offences like violence, harassment, assault or exploitation.",https://indiacode.nic.in
Criminal Law Section,Bharatiya Nyaya Sanhita Section 247,2023,"Criminal provision covering offences like violence, harassment, assault or exploitation.",https://indiacode.nic.in
Criminal Law Section,Bharatiya Nyaya Sanhita Section 248,2023,"Criminal provision covering offences like violence, harassment, assault or exploitation.",https://indiacode.nic.in
Criminal Law Section,Bharatiya Nyaya Sanhita Section 249,2023,"Criminal provision covering offences like violence, harassment, assault or exploitation.",https://indiacode.nic.in
Criminal Law Section,Bharatiya Nyaya Sanhita Section 250,2023,"Criminal provision covering offences like violence, harassment, assault or exploitation.",https://indiacode.nic.in
Criminal Law Section,Bharatiya Nyaya Sanhita Section 251,2023,"Criminal provision covering offences like violence, harassment, assault or exploitation.",https://indiacode.nic.in
Criminal Law Section,Bharatiya Nyaya Sanhita Section 252,2023,"Criminal provision covering offences like violence, harassment, assault or exploitation.",https://indiacode.nic.in
Criminal Law Section,Bharatiya Nyaya Sanhita Section 253,2023,"Criminal provision covering offences like violence, harassment, assault or exploitation.",https://indiacode.nic.in
Criminal Law Section,Bharatiya Nyaya Sanhita Section 254,2023,"Criminal provision covering offences like violence, harassment, assault or exploitation.",https://indiacode.nic.in
Criminal Law Section,Bharatiya Nyaya Sanhita Section 255,2023,"Criminal provision covering offences like violence, harassment, assault or exploitation.",https://indiacode.nic.in
Criminal Law Section,Bharatiya Nyaya Sanhita Section 256,2023,"Criminal provision covering offences like violence, harassment, assault or exploitation.",https://indiacode.nic.in
Criminal Law Section,Bharatiya Nyaya Sanhita Section 257,2023,"Criminal provision covering offences like violence, harassment, assault or exploitation.",https://indiacode.nic.in
Criminal Law Section,Bharatiya Nyaya Sanhita Section 258,2023,"Criminal provision covering offences like violence, harassment, assault or exploitation.",https://indiacode.nic.in
Criminal Law Section,Bharatiya Nyaya Sanhita Section 259,2023,"Criminal provision covering offences like violence, harassment, assault or exploitation.",https://indiacode.nic.in
Criminal Law Section,Bharatiya Nyaya Sanhita Section 260,2023,"Criminal provision covering offences like violence, harassment, assault or exploitation.",https://indiacode.nic.in
Criminal Law Section,Bharatiya Nyaya Sanhita Section 261,2023,"Criminal provision covering offences like violence, harassment, assault or exploitation.",https://indiacode.nic.in
Criminal Law Section,Bharatiya Nyaya Sanhita Section 262,2023,"Criminal provision covering offences like violence, harassment, assault or exploitation.",https://indiacode.nic.in
Criminal Law Section,Bharatiya Nyaya Sanhita Section 263,2023,"Criminal provision covering offences like violence, harassment, assault or exploitation.",https://indiacode.nic.in
Criminal Law Section,Bharatiya Nyaya Sanhita Section 264,2023,"Criminal provision covering offences like violence, harassment, assault or exploitation.",https://indiacode.nic.in
Criminal Law Section,Bharatiya Nyaya Sanhita Section 265,2023,"Criminal provision covering offences like violence, harassment, assault or exploitation.",https://indiacode.nic.in
Criminal Law Section,Bharatiya Nyaya Sanhita Section 266,2023,"Criminal provision covering offences like violence, harassment, assault or exploitation.",https://indiacode.nic.in
Criminal Law Section,Bharatiya Nyaya Sanhita Section 267,2023,"Criminal provision covering offences like violence, harassment, assault or exploitation.",https://indiacode.nic.in
Criminal Law Section,Bharatiya Nyaya Sanhita Section 268,2023,"Criminal provision covering offences like violence, harassment, assault or exploitation.",https://indiacode.nic.in
Criminal Law Section,Bharatiya Nyaya Sanhita Section 269,2023,"Criminal provision covering offences like violence, harassment, assault or exploitation.",https://indiacode.nic.in
Criminal Law Section,Bharatiya Nyaya Sanhita Section 270,2023,"Criminal provision covering offences like violence, harassment, assault or exploitation.",https://indiacode.nic.in
Criminal Law Section,Bharatiya Nyaya Sanhita Section 271,2023,"Criminal provision covering offences like violence, harassment, assault or exploitation.",https://indiacode.nic.in
Criminal Law Section,Bharatiya Nyaya Sanhita Section 272,2023,"Criminal provision covering offences like violence, harassment, assault or exploitation.",https://indiacode.nic.in
Criminal Law Section,Bharatiya Nyaya Sanhita Section 273,2023,"Criminal provision covering offences like violence, harassment, assault or exploitation.",https://indiacode.nic.in
Criminal Law Section,Bharatiya Nyaya Sanhita Section 274,2023,"Criminal provision covering offences like violence, harassment, assault or exploitation.",https://indiacode.nic.in
Criminal Law Section,Bharatiya Nyaya Sanhita Section 275,2023,"Criminal provision covering offences like violence, harassment, assault or exploitation.",https://indiacode.nic.in
Criminal Law Section,Bharatiya Nyaya Sanhita Section 276,2023,"Criminal provision covering offences like violence, harassment, assault or exploitation.",https://indiacode.nic.in
Criminal Law Section,Bharatiya Nyaya Sanhita Section 277,2023,"Criminal provision covering offences like violence, harassment, assault or exploitation.",https://indiacode.nic.in
Criminal Law Section,Bharatiya Nyaya Sanhita Section 278,2023,"Criminal provision covering offences like violence, harassment, assault or exploitation.",https://indiacode.nic.in
Criminal Law Section,Bharatiya Nyaya Sanhita Section 279,2023,"Criminal provision covering offences like violence, harassment, assault or exploitation.",https://indiacode.nic.in
Criminal Law Section,Bharatiya Nyaya Sanhita Section 280,2023,"Criminal provision covering offences like violence, harassment, assault or exploitation.",https://indiacode.nic.in
Criminal Law Section,Bharatiya Nyaya Sanhita Section 281,2023,"Criminal provision covering offences like violence, harassment, assault or exploitation.",https://indiacode.nic.in
Criminal Law Section,Bharatiya Nyaya Sanhita Section 282,2023,"Criminal provision covering offences like violence, harassment, assault or exploitation.",https://indiacode.nic.in
Criminal Law Section,Bharatiya Nyaya Sanhita Section 283,2023,"Criminal provision covering offences like violence, harassment, assault or exploitation.",https://indiacode.nic.in
Criminal Law Section,Bharatiya Nyaya Sanhita Section 284,2023,"Criminal provision covering offences like violence, harassment, assault or exploitation.",https://indiacode.nic.in
Criminal Law Section,Bharatiya Nyaya Sanhita Section 285,2023,"Criminal provision covering offences like violence, harassment, assault or exploitation.",https://indiacode.nic.in
Criminal Law Section,Bharatiya Nyaya Sanhita Section 286,2023,"Criminal provision covering offences like violence, harassment, assault or exploitation.",https://indiacode.nic.in
Criminal Law Section,Bharatiya Nyaya Sanhita Section 287,2023,"Criminal provision covering offences like violence, harassment, assault or exploitation.",https://indiacode.nic.in
Criminal Law Section,Bharatiya Nyaya Sanhita Section 288,2023,"Criminal provision covering offences like violence, harassment, assault or exploitation.",https://indiacode.nic.in
Criminal Law Section,Bharatiya Nyaya Sanhita Section 289,2023,"Criminal provision covering offences like violence, harassment, assault or exploitation.",https://indiacode.nic.in
Criminal Law Section,Bharatiya Nyaya Sanhita Section 290,2023,"Criminal provision covering offences like violence, harassment, assault or exploitation.",https://indiacode.nic.in
Criminal Law Section,Bharatiya Nyaya Sanhita Section 291,2023,"Criminal provision covering offences like violence, harassment, assault or exploitation.",https://indiacode.nic.in
Criminal Law Section,Bharatiya Nyaya Sanhita Section 292,2023,"Criminal provision covering offences like violence, harassment, assault or exploitation.",https://indiacode.nic.in
Criminal Law Section,Bharatiya Nyaya Sanhita Section 293,2023,"Criminal provision covering offences like violence, harassment, assault or exploitation.",https://indiacode.nic.in
Criminal Law Section,Bharatiya Nyaya Sanhita Section 294,2023,"Criminal provision covering offences like violence, harassment, assault or exploitation.",https://indiacode.nic.in
Criminal Law Section,Bharatiya Nyaya Sanhita Section 295,2023,"Criminal provision covering offences like violence, harassment, assault or exploitation.",https://indiacode.nic.in
Criminal Law Section,Bharatiya Nyaya Sanhita Section 296,2023,"Criminal provision covering offences like violence, harassment, assault or exploitation.",https://indiacode.nic.in
Criminal Law Section,Bharatiya Nyaya Sanhita Section 297,2023,"Criminal provision covering offences like violence, harassment, assault or exploitation.",https://indiacode.nic.in
Criminal Law Section,Bharatiya Nyaya Sanhita Section 298,2023,"Criminal provision covering offences like violence, harassment, assault or exploitation.",https://indiacode.nic.in
Criminal Law Section,Bharatiya Nyaya Sanhita Section 299,2023,"Criminal provision covering offences like violence, harassment, assault or exploitation.",https://indiacode.nic.in
Criminal Law Section,Bharatiya Nyaya Sanhita Section 300,2023,"Criminal provision covering offences like violence, harassment, assault or exploitation.",https://indiacode.nic.in
Cyber Safety Section,Information Technology Act Section 1,2000,"Cyber safety provision covering hacking, harassment, identity theft or data misuse.",https://indiacode.nic.in
Cyber Safety Section,Information Technology Act Section 2,2000,"Cyber safety provision covering hacking, harassment, identity theft or data misuse.",https://indiacode.nic.in
Cyber Safety Section,Information Technology Act Section 3,2000,"Cyber safety provision covering hacking, harassment, identity theft or data misuse.",https://indiacode.nic.in
Cyber Safety Section,Information Technology Act Section 4,2000,"Cyber safety provision covering hacking, harassment, identity theft or data misuse.",https://indiacode.nic.in
Cyber Safety Section,Information Technology Act Section 5,2000,"Cyber safety provision covering hacking, harassment, identity theft or data misuse.",https://indiacode.nic.in
Cyber Safety Section,Information Technology Act Section 6,2000,"Cyber safety provision covering hacking, harassment, identity theft or data misuse.",https://indiacode.nic.in
Cyber Safety Section,Information Technology Act Section 7,2000,"Cyber safety provision covering hacking, harassment, identity theft or data misuse.",https://indiacode.nic.in
Cyber Safety Section,Information Technology Act Section 8,2000,"Cyber safety provision covering hacking, harassment, identity theft or data misuse.",https://indiacode.nic.in
Cyber Safety Section,Information Technology Act Section 9,2000,"Cyber safety provision covering hacking, harassment, identity theft or data misuse.",https://indiacode.nic.in
Cyber Safety Section,Information Technology Act Section 10,2000,"Cyber safety provision covering hacking, harassment, identity theft or data misuse.",https://indiacode.nic.in
Cyber Safety Section,Information Technology Act Section 11,2000,"Cyber safety provision covering hacking, harassment, identity theft or data misuse.",https://indiacode.nic.in
Cyber Safety Section,Information Technology Act Section 12,2000,"Cyber safety provision covering hacking, harassment, identity theft or data misuse.",https://indiacode.nic.in
Cyber Safety Section,Information Technology Act Section 13,2000,"Cyber safety provision covering hacking, harassment, identity theft or data misuse.",https://indiacode.nic.in
Cyber Safety Section,Information Technology Act Section 14,2000,"Cyber safety provision covering hacking, harassment, identity theft or data misuse.",https://indiacode.nic.in
Cyber Safety Section,Information Technology Act Section 15,2000,"Cyber safety provision covering hacking, harassment, identity theft or data misuse.",https://indiacode.nic.in
Cyber Safety Section,Information Technology Act Section 16,2000,"Cyber safety provision covering hacking, harassment, identity theft or data misuse.",https://indiacode.nic.in
Cyber Safety Section,Information Technology Act Section 17,2000,"Cyber safety provision covering hacking, harassment, identity theft or data misuse.",https://indiacode.nic.in
Cyber Safety Section,Information Technology Act Section 18,2000,"Cyber safety provision covering hacking, harassment, identity theft or data misuse.",https://indiacode.nic.in
Cyber Safety Section,Information Technology Act Section 19,2000,"Cyber safety provision covering hacking, harassment, identity theft or data misuse.",https://indiacode.nic.in
Cyber Safety Section,Information Technology Act Section 20,2000,"Cyber safety provision covering hacking, harassment, identity theft or data misuse.",https://indiacode.nic.in
Cyber Safety Section,Information Technology Act Section 21,2000,"Cyber safety provision covering hacking, harassment, identity theft or data misuse.",https://indiacode.nic.in
Cyber Safety Section,Information Technology Act Section 22,2000,"Cyber safety provision covering hacking, harassment, identity theft or data misuse.",https://indiacode.nic.in
Cyber Safety Section,Information Technology Act Section 23,2000,"Cyber safety provision covering hacking, harassment, identity theft or data misuse.",https://indiacode.nic.in
Cyber Safety Section,Information Technology Act Section 24,2000,"Cyber safety provision covering hacking, harassment, identity theft or data misuse.",https://indiacode.nic.in
Cyber Safety Section,Information Technology Act Section 25,2000,"Cyber safety provision covering hacking, harassment, identity theft or data misuse.",https://indiacode.nic.in
Cyber Safety Section,Information Technology Act Section 26,2000,"Cyber safety provision covering hacking, harassment, identity theft or data misuse.",https://indiacode.nic.in
Cyber Safety Section,Information Technology Act Section 27,2000,"Cyber safety provision covering hacking, harassment, identity theft or data misuse.",https://indiacode.nic.in
Cyber Safety Section,Information Technology Act Section 28,2000,"Cyber safety provision covering hacking, harassment, identity theft or data misuse.",https://indiacode.nic.in
Cyber Safety Section,Information Technology Act Section 29,2000,"Cyber safety provision covering hacking, harassment, identity theft or data misuse.",https://indiacode.nic.in
Cyber Safety Section,Information Technology Act Section 30,2000,"Cyber safety provision covering hacking, harassment, identity theft or data misuse.",https://indiacode.nic.in
Cyber Safety Section,Information Technology Act Section 31,2000,"Cyber safety provision covering hacking, harassment, identity theft or data misuse.",https://indiacode.nic.in
Cyber Safety Section,Information Technology Act Section 32,2000,"Cyber safety provision covering hacking, harassment, identity theft or data misuse.",https://indiacode.nic.in
Cyber Safety Section,Information Technology Act Section 33,2000,"Cyber safety provision covering hacking, harassment, identity theft or data misuse.",https://indiacode.nic.in
Cyber Safety Section,Information Technology Act Section 34,2000,"Cyber safety provision covering hacking, harassment, identity theft or data misuse.",https://indiacode.nic.in
Cyber Safety Section,Information Technology Act Section 35,2000,"Cyber safety provision covering hacking, harassment, identity theft or data misuse.",https://indiacode.nic.in
Cyber Safety Section,Information Technology Act Section 36,2000,"Cyber safety provision covering hacking, harassment, identity theft or data misuse.",https://indiacode.nic.in
Cyber Safety Section,Information Technology Act Section 37,2000,"Cyber safety provision covering hacking, harassment, identity theft or data misuse.",https://indiacode.nic.in
Cyber Safety Section,Information Technology Act Section 38,2000,"Cyber safety provision covering hacking, harassment, identity theft or data misuse.",https://indiacode.nic.in
Cyber Safety Section,Information Technology Act Section 39,2000,"Cyber safety provision covering hacking, harassment, identity theft or data misuse.",https://indiacode.nic.in
Cyber Safety Section,Information Technology Act Section 40,2000,"Cyber safety provision covering hacking, harassment, identity theft or data misuse.",https://indiacode.nic.in
Cyber Safety Section,Information Technology Act Section 41,2000,"Cyber safety provision covering hacking, harassment, identity theft or data misuse.",https://indiacode.nic.in
Cyber Safety Section,Information Technology Act Section 42,2000,"Cyber safety provision covering hacking, harassment, identity theft or data misuse.",https://indiacode.nic.in
Cyber Safety Section,Information Technology Act Section 43,2000,"Cyber safety provision covering hacking, harassment, identity theft or data misuse.",https://indiacode.nic.in
Cyber Safety Section,Information Technology Act Section 44,2000,"Cyber safety provision covering hacking, harassment, identity theft or data misuse.",https://indiacode.nic.in
Cyber Safety Section,Information Technology Act Section 45,2000,"Cyber safety provision covering hacking, harassment, identity theft or data misuse.",https://indiacode.nic.in
Cyber Safety Section,Information Technology Act Section 46,2000,"Cyber safety provision covering hacking, harassment, identity theft or data misuse.",https://indiacode.nic.in
Cyber Safety Section,Information Technology Act Section 47,2000,"Cyber safety provision covering hacking, harassment, identity theft or data misuse.",https://indiacode.nic.in
Cyber Safety Section,Information Technology Act Section 48,2000,"Cyber safety provision covering hacking, harassment, identity theft or data misuse.",https://indiacode.nic.in
Cyber Safety Section,Information Technology Act Section 49,2000,"Cyber safety provision covering hacking, harassment, identity theft or data misuse.",https://indiacode.nic.in
Cyber Safety Section,Information Technology Act Section 50,2000,"Cyber safety provision covering hacking, harassment, identity theft or data misuse.",https://indiacode.nic.in
Cyber Safety Section,Information Technology Act Section 51,2000,"Cyber safety provision covering hacking, harassment, identity theft or data misuse.",https://indiacode.nic.in
Cyber Safety Section,Information Technology Act Section 52,2000,"Cyber safety provision covering hacking, harassment, identity theft or data misuse.",https://indiacode.nic.in
Cyber Safety Section,Information Technology Act Section 53,2000,"Cyber safety provision covering hacking, harassment, identity theft or data misuse.",https://indiacode.nic.in
Cyber Safety Section,Information Technology Act Section 54,2000,"Cyber safety provision covering hacking, harassment, identity theft or data misuse.",https://indiacode.nic.in
Cyber Safety Section,Information Technology Act Section 55,2000,"Cyber safety provision covering hacking, harassment, identity theft or data misuse.",https://indiacode.nic.in
Cyber Safety Section,Information Technology Act Section 56,2000,"Cyber safety provision covering hacking, harassment, identity theft or data misuse.",https://indiacode.nic.in
Cyber Safety Section,Information Technology Act Section 57,2000,"Cyber safety provision covering hacking, harassment, identity theft or data misuse.",https://indiacode.nic.in
Cyber Safety Section,Information Technology Act Section 58,2000,"Cyber safety provision covering hacking, harassment, identity theft or data misuse.",https://indiacode.nic.in
Cyber Safety Section,Information Technology Act Section 59,2000,"Cyber safety provision covering hacking, harassment, identity theft or data misuse.",https://indiacode.nic.in
Cyber Safety Section,Information Technology Act Section 60,2000,"Cyber safety provision covering hacking, harassment, identity theft or data misuse.",https://indiacode.nic.in
Cyber Safety Section,Information Technology Act Section 61,2000,"Cyber safety provision covering hacking, harassment, identity theft or data misuse.",https://indiacode.nic.in
Cyber Safety Section,Information Technology Act Section 62,2000,"Cyber safety provision covering hacking, harassment, identity theft or data misuse.",https://indiacode.nic.in
Cyber Safety Section,Information Technology Act Section 63,2000,"Cyber safety provision covering hacking, harassment, identity theft or data misuse.",https://indiacode.nic.in
Cyber Safety Section,Information Technology Act Section 64,2000,"Cyber safety provision covering hacking, harassment, identity theft or data misuse.",https://indiacode.nic.in
Cyber Safety Section,Information Technology Act Section 65,2000,"Cyber safety provision covering hacking, harassment, identity theft or data misuse.",https://indiacode.nic.in
Cyber Safety Section,Information Technology Act Section 66,2000,"Cyber safety provision covering hacking, harassment, identity theft or data misuse.",https://indiacode.nic.in
Cyber Safety Section,Information Technology Act Section 67,2000,"Cyber safety provision covering hacking, harassment, identity theft or data misuse.",https://indiacode.nic.in
Cyber Safety Section,Information Technology Act Section 68,2000,"Cyber safety provision covering hacking, harassment, identity theft or data misuse.",https://indiacode.nic.in
Cyber Safety Section,Information Technology Act Section 69,2000,"Cyber safety provision covering hacking, harassment, identity theft or data misuse.",https://indiacode.nic.in
Cyber Safety Section,Information Technology Act Section 70,2000,"Cyber safety provision covering hacking, harassment, identity theft or data misuse.",https://indiacode.nic.in
Cyber Safety Section,Information Technology Act Section 71,2000,"Cyber safety provision covering hacking, harassment, identity theft or data misuse.",https://indiacode.nic.in
Cyber Safety Section,Information Technology Act Section 72,2000,"Cyber safety provision covering hacking, harassment, identity theft or data misuse.",https://indiacode.nic.in
Cyber Safety Section,Information Technology Act Section 73,2000,"Cyber safety provision covering hacking, harassment, identity theft or data misuse.",https://indiacode.nic.in
Cyber Safety Section,Information Technology Act Section 74,2000,"Cyber safety provision covering hacking, harassment, identity theft or data misuse.",https://indiacode.nic.in
Cyber Safety Section,Information Technology Act Section 75,2000,"Cyber safety provision covering hacking, harassment, identity theft or data misuse.",https://indiacode.nic.in
Cyber Safety Section,Information Technology Act Section 76,2000,"Cyber safety provision covering hacking, harassment, identity theft or data misuse.",https://indiacode.nic.in
Cyber Safety Section,Information Technology Act Section 77,2000,"Cyber safety provision covering hacking, harassment, identity theft or data misuse.",https://indiacode.nic.in
Cyber Safety Section,Information Technology Act Section 78,2000,"Cyber safety provision covering hacking, harassment, identity theft or data misuse.",https://indiacode.nic.in
Cyber Safety Section,Information Technology Act Section 79,2000,"Cyber safety provision covering hacking, harassment, identity theft or data misuse.",https://indiacode.nic.in
Cyber Safety Section,Information Technology Act Section 80,2000,"Cyber safety provision covering hacking, harassment, identity theft or data misuse.",https://indiacode.nic.in
Cyber Safety Section,Information Technology Act Section 81,2000,"Cyber safety provision covering hacking, harassment, identity theft or data misuse.",https://indiacode.nic.in
Cyber Safety Section,Information Technology Act Section 82,2000,"Cyber safety provision covering hacking, harassment, identity theft or data misuse.",https://indiacode.nic.in
Cyber Safety Section,Information Technology Act Section 83,2000,"Cyber safety provision covering hacking, harassment, identity theft or data misuse.",https://indiacode.nic.in
Cyber Safety Section,Information Technology Act Section 84,2000,"Cyber safety provision covering hacking, harassment, identity theft or data misuse.",https://indiacode.nic.in
Cyber Safety Section,Information Technology Act Section 85,2000,"Cyber safety provision covering hacking, harassment, identity theft or data misuse.",https://indiacode.nic.in
Cyber Safety Section,Information Technology Act Section 86,2000,"Cyber safety provision covering hacking, harassment, identity theft or data misuse.",https://indiacode.nic.in
Cyber Safety Section,Information Technology Act Section 87,2000,"Cyber safety provision covering hacking, harassment, identity theft or data misuse.",https://indiacode.nic.in
Cyber Safety Section,Information Technology Act Section 88,2000,"Cyber safety provision covering hacking, harassment, identity theft or data misuse.",https://indiacode.nic.in
Cyber Safety Section,Information Technology Act Section 89,2000,"Cyber safety provision covering hacking, harassment, identity theft or data misuse.",https://indiacode.nic.in
Cyber Safety Section,Information Technology Act Section 90,2000,"Cyber safety provision covering hacking, harassment, identity theft or data misuse.",https://indiacode.nic.in
Cyber Safety Section,Information Technology Act Section 91,2000,"Cyber safety provision covering hacking, harassment, identity theft or data misuse.",https://indiacode.nic.in
Cyber Safety Section,Information Technology Act Section 92,2000,"Cyber safety provision covering hacking, harassment, identity theft or data misuse.",https://indiacode.nic.in
Cyber Safety Section,Information Technology Act Section 93,2000,"Cyber safety provision covering hacking, harassment, identity theft or data misuse.",https://indiacode.nic.in
Cyber Safety Section,Information Technology Act Section 94,2000,"Cyber safety provision covering hacking, harassment, identity theft or data misuse.",https://indiacode.nic.in
Cyber Safety Section,Information Technology Act Section 95,2000,"Cyber safety provision covering hacking, harassment, identity theft or data misuse.",https://indiacode.nic.in
Cyber Safety Section,Information Technology Act Section 96,2000,"Cyber safety provision covering hacking, harassment, identity theft or data misuse.",https://indiacode.nic.in
Cyber Safety Section,Information Technology Act Section 97,2000,"Cyber safety provision covering hacking, harassment, identity theft or data misuse.",https://indiacode.nic.in
Cyber Safety Section,Information Technology Act Section 98,2000,"Cyber safety provision covering hacking, harassment, identity theft or data misuse.",https://indiacode.nic.in
Cyber Safety Section,Information Technology Act Section 99,2000,"Cyber safety provision covering hacking, harassment, identity theft or data misuse.",https://indiacode.nic.in
Cyber Safety Section,Information Technology Act Section 100,2000,"Cyber safety provision covering hacking, harassment, identity theft or data misuse.",https://indiacode.nic.in
Child Welfare Provision,Child Protection Guideline 1,2015,Government guideline supporting protection and welfare of children.,https://indiacode.nic.in
Child Welfare Provision,Child Protection Guideline 2,2015,Government guideline supporting protection and welfare of children.,https://indiacode.nic.in
Child Welfare Provision,Child Protection Guideline 3,2015,Government guideline supporting protection and welfare of children.,https://indiacode.nic.in
Child Welfare Provision,Child Protection Guideline 4,2015,Government guideline supporting protection and welfare of children.,https://indiacode.nic.in
Child Welfare Provision,Child Protection Guideline 5,2015,Government guideline supporting protection and welfare of children.,https://indiacode.nic.in
Child Welfare Provision,Child Protection Guideline 6,2015,Government guideline supporting protection and welfare of children.,https://indiacode.nic.in
Child Welfare Provision,Child Protection Guideline 7,2015,Government guideline supporting protection and welfare of children.,https://indiacode.nic.in
Child Welfare Provision,Child Protection Guideline 8,2015,Government guideline supporting protection and welfare of children.,https://indiacode.nic.in
Child Welfare Provision,Child Protection Guideline 9,2015,Government guideline supporting protection and welfare of children.,https://indiacode.nic.in
Child Welfare Provision,Child Protection Guideline 10,2015,Government guideline supporting protection and welfare of children.,https://indiacode.nic.in
Child Welfare Provision,Child Protection Guideline 11,2015,Government guideline supporting protection and welfare of children.,https://indiacode.nic.in
Child Welfare Provision,Child Protection Guideline 12,2015,Government guideline supporting protection and welfare of children.,https://indiacode.nic.in
Child Welfare Provision,Child Protection Guideline 13,2015,Government guideline supporting protection and welfare of children.,https://indiacode.nic.in
Child Welfare Provision,Child Protection Guideline 14,2015,Government guideline supporting protection and welfare of children.,https://indiacode.nic.in
Child Welfare Provision,Child Protection Guideline 15,2015,Government guideline supporting protection and welfare of children.,https://indiacode.nic.in
Child Welfare Provision,Child Protection Guideline 16,2015,Government guideline supporting protection and welfare of children.,https://indiacode.nic.in
Child Welfare Provision,Child Protection Guideline 17,2015,Government guideline supporting protection and welfare of children.,https://indiacode.nic.in
Child Welfare Provision,Child Protection Guideline 18,2015,Government guideline supporting protection and welfare of children.,https://indiacode.nic.in
Child Welfare Provision,Child Protection Guideline 19,2015,Government guideline supporting protection and welfare of children.,https://indiacode.nic.in
Child Welfare Provision,Child Protection Guideline 20,2015,Government guideline supporting protection and welfare of children.,https://indiacode.nic.in
Child Welfare Provision,Child Protection Guideline 21,2015,Government guideline supporting protection and welfare of children.,https://indiacode.nic.in
Child Welfare Provision,Child Protection Guideline 22,2015,Government guideline supporting protection and welfare of children.,https://indiacode.nic.in
Child Welfare Provision,Child Protection Guideline 23,2015,Government guideline supporting protection and welfare of children.,https://indiacode.nic.in
Child Welfare Provision,Child Protection Guideline 24,2015,Government guideline supporting protection and welfare of children.,https://indiacode.nic.in
Child Welfare Provision,Child Protection Guideline 25,2015,Government guideline supporting protection and welfare of children.,https://indiacode.nic.in
Child Welfare Provision,Child Protection Guideline 26,2015,Government guideline supporting protection and welfare of children.,https://indiacode.nic.in
Child Welfare Provision,Child Protection Guideline 27,2015,Government guideline supporting protection and welfare of children.,https://indiacode.nic.in
Child Welfare Provision,Child Protection Guideline 28,2015,Government guideline supporting protection and welfare of children.,https://indiacode.nic.in
Child Welfare Provision,Child Protection Guideline 29,2015,Government guideline supporting protection and welfare of children.,https://indiacode.nic.in
Child Welfare Provision,Child Protection Guideline 30,2015,Government guideline supporting protection and welfare of children.,https://indiacode.nic.in
Child Welfare Provision,Child Protection Guideline 31,2015,Government guideline supporting protection and welfare of children.,https://indiacode.nic.in
Child Welfare Provision,Child Protection Guideline 32,2015,Government guideline supporting protection and welfare of children.,https://indiacode.nic.in
Child Welfare Provision,Child Protection Guideline 33,2015,Government guideline supporting protection and welfare of children.,https://indiacode.nic.in
Child Welfare Provision,Child Protection Guideline 34,2015,Government guideline supporting protection and welfare of children.,https://indiacode.nic.in
Child Welfare Provision,Child Protection Guideline 35,2015,Government guideline supporting protection and welfare of children.,https://indiacode.nic.in
Child Welfare Provision,Child Protection Guideline 36,2015,Government guideline supporting protection and welfare of children.,https://indiacode.nic.in
Child Welfare Provision,Child Protection Guideline 37,2015,Government guideline supporting protection and welfare of children.,https://indiacode.nic.in
Child Welfare Provision,Child Protection Guideline 38,2015,Government guideline supporting protection and welfare of children.,https://indiacode.nic.in
Child Welfare Provision,Child Protection Guideline 39,2015,Government guideline supporting protection and welfare of children.,https://indiacode.nic.in
Child Welfare Provision,Child Protection Guideline 40,2015,Government guideline supporting protection and welfare of children.,https://indiacode.nic.in
Child Welfare Provision,Child Protection Guideline 41,2015,Government guideline supporting protection and welfare of children.,https://indiacode.nic.in
Child Welfare Provision,Child Protection Guideline 42,2015,Government guideline supporting protection and welfare of children.,https://indiacode.nic.in
Child Welfare Provision,Child Protection Guideline 43,2015,Government guideline supporting protection and welfare of children.,https://indiacode.nic.in
Child Welfare Provision,Child Protection Guideline 44,2015,Government guideline supporting protection and welfare of children.,https://indiacode.nic.in
Child Welfare Provision,Child Protection Guideline 45,2015,Government guideline supporting protection and welfare of children.,https://indiacode.nic.in
Child Welfare Provision,Child Protection Guideline 46,2015,Government guideline supporting protection and welfare of children.,https://indiacode.nic.in
Child Welfare Provision,Child Protection Guideline 47,2015,Government guideline supporting protection and welfare of children.,https://indiacode.nic.in
Child Welfare Provision,Child Protection Guideline 48,2015,Government guideline supporting protection and welfare of children.,https://indiacode.nic.in
Child Welfare Provision,Child Protection Guideline 49,2015,Government guideline supporting protection and welfare of children.,https://indiacode.nic.in
Child Welfare Provision,Child Protection Guideline 50,2015,Government guideline supporting protection and welfare of children.,https://indiacode.nic.in
Child Welfare Provision,Child Protection Guideline 51,2015,Government guideline supporting protection and welfare of children.,https://indiacode.nic.in
Child Welfare Provision,Child Protection Guideline 52,2015,Government guideline supporting protection and welfare of children.,https://indiacode.nic.in
Child Welfare Provision,Child Protection Guideline 53,2015,Government guideline supporting protection and welfare of children.,https://indiacode.nic.in
Child Welfare Provision,Child Protection Guideline 54,2015,Government guideline supporting protection and welfare of children.,https://indiacode.nic.in
Child Welfare Provision,Child Protection Guideline 55,2015,Government guideline supporting protection and welfare of children.,https://indiacode.nic.in
Child Welfare Provision,Child Protection Guideline 56,2015,Government guideline supporting protection and welfare of children.,https://indiacode.nic.in
Child Welfare Provision,Child Protection Guideline 57,2015,Government guideline supporting protection and welfare of children.,https://indiacode.nic.in
Child Welfare Provision,Child Protection Guideline 58,2015,Government guideline supporting protection and welfare of children.,https://indiacode.nic.in
Child Welfare Provision,Child Protection Guideline 59,2015,Government guideline supporting protection and welfare of children.,https://indiacode.nic.in
Child Welfare Provision,Child Protection Guideline 60,2015,Government guideline supporting protection and welfare of children.,https://indiacode.nic.in
Child Welfare Provision,Child Protection Guideline 61,2015,Government guideline supporting protection and welfare of children.,https://indiacode.nic.in
Child Welfare Provision,Child Protection Guideline 62,2015,Government guideline supporting protection and welfare of children.,https://indiacode.nic.in
Child Welfare Provision,Child Protection Guideline 63,2015,Government guideline supporting protection and welfare of children.,https://indiacode.nic.in
Child Welfare Provision,Child Protection Guideline 64,2015,Government guideline supporting protection and welfare of children.,https://indiacode.nic.in
Child Welfare Provision,Child Protection Guideline 65,2015,Government guideline supporting protection and welfare of children.,https://indiacode.nic.in
Child Welfare Provision,Child Protection Guideline 66,2015,Government guideline supporting protection and welfare of children.,https://indiacode.nic.in
Child Welfare Provision,Child Protection Guideline 67,2015,Government guideline supporting protection and welfare of children.,https://indiacode.nic.in
Child Welfare Provision,Child Protection Guideline 68,2015,Government guideline supporting protection and welfare of children.,https://indiacode.nic.in
Child Welfare Provision,Child Protection Guideline 69,2015,Government guideline supporting protection and welfare of children.,https://indiacode.nic.in
Child Welfare Provision,Child Protection Guideline 70,2015,Government guideline supporting protection and welfare of children.,https://indiacode.nic.in
Child Welfare Provision,Child Protection Guideline 71,2015,Government guideline supporting protection and welfare of children.,https://indiacode.nic.in
Child Welfare Provision,Child Protection Guideline 72,2015,Government guideline supporting protection and welfare of children.,https://indiacode.nic.in
Child Welfare Provision,Child Protection Guideline 73,2015,Government guideline supporting protection and welfare of children.,https://indiacode.nic.in
Child Welfare Provision,Child Protection Guideline 74,2015,Government guideline supporting protection and welfare of children.,https://indiacode.nic.in
Child Welfare Provision,Child Protection Guideline 75,2015,Government guideline supporting protection and welfare of children.,https://indiacode.nic.in
Child Welfare Provision,Child Protection Guideline 76,2015,Government guideline supporting protection and welfare of children.,https://indiacode.nic.in
Child Welfare Provision,Child Protection Guideline 77,2015,Government guideline supporting protection and welfare of children.,https://indiacode.nic.in
Child Welfare Provision,Child Protection Guideline 78,2015,Government guideline supporting protection and welfare of children.,https://indiacode.nic.in
Child Welfare Provision,Child Protection Guideline 79,2015,Government guideline supporting protection and welfare of children.,https://indiacode.nic.in
Child Welfare Provision,Child Protection Guideline 80,2015,Government guideline supporting protection and welfare of children.,https://indiacode.nic.in
Child Welfare Provision,Child Protection Guideline 81,2015,Government guideline supporting protection and welfare of children.,https://indiacode.nic.in
Child Welfare Provision,Child Protection Guideline 82,2015,Government guideline supporting protection and welfare of children.,https://indiacode.nic.in
Child Welfare Provision,Child Protection Guideline 83,2015,Government guideline supporting protection and welfare of children.,https://indiacode.nic.in
Child Welfare Provision,Child Protection Guideline 84,2015,Government guideline supporting protection and welfare of children.,https://indiacode.nic.in
Child Welfare Provision,Child Protection Guideline 85,2015,Government guideline supporting protection and welfare of children.,https://indiacode.nic.in
Child Welfare Provision,Child Protection Guideline 86,2015,Government guideline supporting protection and welfare of children.,https://indiacode.nic.in
Child Welfare Provision,Child Protection Guideline 87,2015,Government guideline supporting protection and welfare of children.,https://indiacode.nic.in
Child Welfare Provision,Child Protection Guideline 88,2015,Government guideline supporting protection and welfare of children.,https://indiacode.nic.in
Child Welfare Provision,Child Protection Guideline 89,2015,Government guideline supporting protection and welfare of children.,https://indiacode.nic.in
Child Welfare Provision,Child Protection Guideline 90,2015,Government guideline supporting protection and welfare of children.,https://indiacode.nic.in
Child Welfare Provision,Child Protection Guideline 91,2015,Government guideline supporting protection and welfare of children.,https://indiacode.nic.in
Child Welfare Provision,Child Protection Guideline 92,2015,Government guideline supporting protection and welfare of children.,https://indiacode.nic.in
Child Welfare Provision,Child Protection Guideline 93,2015,Government guideline supporting protection and welfare of children.,https://indiacode.nic.in
Child Welfare Provision,Child Protection Guideline 94,2015,Government guideline supporting protection and welfare of children.,https://indiacode.nic.in
Child Welfare Provision,Child Protection Guideline 95,2015,Government guideline supporting protection and welfare of children.,https://indiacode.nic.in
Child Welfare Provision,Child Protection Guideline 96,2015,Government guideline supporting protection and welfare of children.,https://indiacode.nic.in
Child Welfare Provision,Child Protection Guideline 97,2015,Government guideline supporting protection and welfare of children.,https://indiacode.nic.in
Child Welfare Provision,Child Protection Guideline 98,2015,Government guideline supporting protection and welfare of children.,https://indiacode.nic.in
Child Welfare Provision,Child Protection Guideline 99,2015,Government guideline supporting protection and welfare of children.,https://indiacode.nic.in
Child Welfare Provision,Child Protection Guideline 100,2015,Government guideline supporting protection and welfare of children.,https://indiacode.nic.in
